{
    "cycle_test": 0.2,
    "test": 0.4,
    "bert": 0.7047199768,
    "box_3": 1701,
    "box_5": 1819,
    "chess": 6,
    "fir_5": 5936,
    "mcm_8": 1050,
    "mcm_9": 1050,
    "nasneta": 11.19945304,
    "nasrnn": 0.9447550172,
    "resnet50": 4.385794965,
    "vgg": 4.850757017,
    "hamming": -3648,
    "johson": -3710,
    "maxcut": -1260,
    "flexc_03": 36,
    "flexc_4a": 36,
    "flexc_5c": 136,
    "flexc_7b": 95,
    "flexc_67": 36,
    "flexc_86": 36,
    "flexc_85": 136
}