{
    "cycle_test": 0.2,
    "test1": 0.4,
    "bert": 0.7047199768,
    "box_filter_3iteration_egraph": 1701,
    "box_filter_5iteration_egraph": 1819,
    "chess": 6,
    "fir_8_tap_5iteration_egraph": 5936,
    "mcm_3_7_21_original_8iteration_egraph": 1050,
    "mcm_3_7_21_original_9iteration_egraph": 1050,
    "nasneta": 11.19945304,
    "nasrnn": 0.9447550172,
    "resnet50": 4.385794965,
    "vgg": 4.850757017,
    "hamming6-2.clq": -3648,
    "johnson8-4-4.clq": -3710,
    "maxcut-140-630-0.7-1": -1260,
    "03d369d0-bb23-477a-8ea1-a452efc850fe": 36,
    "4a29e9e7-a232-4608-b7d2-37796d0ecd97": 36,
    "5cd5008c-4481-4751-90cf-0a0e23cd3d30": 136,
    "7bdc5ff7-82f5-4bd0-a8c6-f3a735e016dc": 95,
    "67addae9-f7db-4ebb-a02e-e1e045f87fc4": 36,
    "86d12271-435d-463d-a7b4-e671423f0ced": 36,
    "85a0fc72-1972-4bc8-ab98-d0d468095601": 136
}