{
    "DataA_chunk3_id1": 82961.66667,
    "DataA_chunk3_id2": 70448.33334,
    "DataA_chunk3_id3": 66255,
    "DataA_chunk3_id4": 62535,
    "DataA_chunk3_id5": 62535,
    "DataA_chunk15_id1": 344735,
    "DataB_chunk5_id1": 2929818.333,
    "DataB_chunk5_id2": 2955541.666,
    "DataB_chunk5_id3": 2985400,
    "DataB_chunk5_id4": 2993028.333,
    "DataB_chunk5_id5": 2972628.333,
    "DataB_chunk5_id6": 2862766.666,
    "DataB_chunk15_id1": 8066226.666666665,
    "DataB_chunk15_id2": 8001143.333333333
}